experiment,setting,metric,value
exp1,Window = 1,Vocab size,100986.0
exp1,Window = 1,Matrix size,10198172196.0
exp1,Window = 1,Number of non-zero values,2188113.0
exp1,Window = 1,Sparsity,99.97854406693725
exp1,Window = 1,doctor - physician,0.8213866949081421
exp1,Window = 1,doctor - hospital,0.6534079313278198
exp1,Window = 1,car - automobile,0.3543707132339477
exp1,Window = 1,king - queen,0.6731807589530945
exp1,Window = 1,cat - dog,0.7079086899757385
exp1,Window = 1,computer - banana,0.4041808545589447
exp1,Window = 2,Vocab size,100986.0
exp1,Window = 2,Matrix size,10198172196.0
exp1,Window = 2,Number of non-zero values,4193446.0
exp1,Window = 2,Sparsity,99.95888041582936
exp1,Window = 2,doctor - physician,0.810659646987915
exp1,Window = 2,doctor - hospital,0.7466306686401367
exp1,Window = 2,car - automobile,0.5246320962905884
exp1,Window = 2,king - queen,0.793806254863739
exp1,Window = 2,cat - dog,0.7957589626312256
exp1,Window = 2,computer - banana,0.5647096037864685
exp1,Window = 5,Vocab size,100986.0
exp1,Window = 5,Matrix size,10198172196.0
exp1,Window = 5,Number of non-zero values,8789383.0
exp1,Window = 5,Sparsity,99.91381413422842
exp1,Window = 5,doctor - physician,0.8874112367630005
exp1,Window = 5,doctor - hospital,0.819449782371521
exp1,Window = 5,car - automobile,0.69225013256073
exp1,Window = 5,king - queen,0.8893023133277893
exp1,Window = 5,cat - dog,0.8650455474853516
exp1,Window = 5,computer - banana,0.7338307499885559
exp3,window=2,cat-dog,0.5661
exp3,window=2,doctor-hospital,0.5373
exp3,window=2,doctor-physician,0.7115
exp3,window=5,cat-dog,0.5179
exp3,window=5,doctor-hospital,0.5445
exp3,window=5,doctor-physician,0.7008
exp3,window=10,cat-dog,0.5691
exp3,window=10,doctor-hospital,0.5347
exp3,window=10,doctor-physician,0.6934
exp4,dim=50,Training time (s),26.9844
exp4,dim=50,Model size (MB),5.5229
exp4,dim=50,Analogy accuracy,0.1076
exp4,dim=50,Downstream accuracy,0.7087
exp4,dim=50,doctor-physician,0.8547
exp4,dim=50,doctor-hospital,0.6359
exp4,dim=50,cat-dog,0.6921
exp4,dim=100,Training time (s),30.2969
exp4,dim=100,Model size (MB),11.0458
exp4,dim=100,Analogy accuracy,0.1197
exp4,dim=100,Downstream accuracy,0.729
exp4,dim=100,doctor-physician,0.7022
exp4,dim=100,doctor-hospital,0.526
exp4,dim=100,cat-dog,0.5653
exp4,dim=300,Training time (s),51.0807
exp4,dim=300,Model size (MB),33.1375
exp4,dim=300,Analogy accuracy,0.0983
exp4,dim=300,Downstream accuracy,0.7563
exp4,dim=300,doctor-physician,0.5533
exp4,dim=300,doctor-hospital,0.4132
exp4,dim=300,cat-dog,0.4444
